wire_speed_mm_s,current_A,voltage_V,width_mm,height_mm
152.8747258267156,156.2063106540155,24.741855750451776,8.209244562617757,1.7933117359928934
112.66541277024628,195.8262041536514,21.571115937149678,8.567410483681202,1.3090053405853626
163.0317503893659,162.90300571820418,25.623801292480827,8.333943868328499,1.8209997902188322
143.68416348712367,165.23267101575757,23.206356717741894,8.20816473684505,1.698442558827444
71.30128174651794,213.22828130302102,18.927190922553997,8.657127924400395,0.8840214219832929
177.07468219641072,189.29273915702333,25.080743905814405,8.507904701605629,1.8069861830057792
151.33676423884236,242.1852450154995,21.914121526646383,8.784397859324423,1.466020327788029
154.32771663323444,181.915649460807,19.13311174378324,7.795763553065797,1.826234309901305
75.3736359210655,222.61801283839011,19.221521070731367,8.753733523926492,0.899742652664931
114.04631254746806,196.10994301549076,23.500271480878975,8.820812994754174,1.2820726180174262
104.49576290790975,215.99513011292788,18.378980053835917,8.34570546135833,1.2304986515174108
171.2117986618322,209.96953567159903,20.292750119310504,8.144035719640208,1.7949616757208795
137.26381440967975,197.2783972758998,19.118300723758946,8.061710363937515,1.595332917287325
158.7313935924996,245.0061094624437,21.528619436938275,8.706869513551574,1.521903445668731
113.20970385927974,184.27136427549559,21.31483017595489,8.403623717973748,1.3648023605522572
87.26864661417322,167.72355012492724,22.175011477510846,8.527380241379724,1.1416086137609194
126.55017444190018,217.80940608798284,20.23709063282024,8.493491292330678,1.3865745514258758
67.65807073250105,234.60075613079087,18.256348715025418,8.75438120883611,0.8070173107425463
159.31574063910986,154.0253739939924,22.915088852281485,7.920060125704647,1.9145704125075207
135.7997278946478,194.96326884226806,20.98974402305881,8.31536965839433,1.5408122705508775
150.97052881024487,239.24876896873263,23.210679989920372,8.939918705116588,1.4440300910416863
102.5431161755842,224.96186189228675,18.869335766434148,8.51493735541905,1.1721417875798996
176.4837629273884,249.18077164976282,18.110218842352403,8.126275960766742,1.7399006608520575
167.1745345586637,203.14138115972438,19.986353983082342,8.05858719539686,1.8036393693388693
153.4060196488514,215.99957188011513,21.65237858395242,8.500623254837665,1.5865949035596678
83.3566449422361,180.24802811379283,21.152575793347737,8.565525962509057,1.0725640550430966
116.0065204472441,244.75355996659923,24.48242044218773,9.40180115535155,1.1291465252671729
65.25645189446746,186.63354885565363,21.02270115354259,8.768044437933405,0.852137382323839
78.51473904810574,223.85107126866285,22.24352943682463,9.198000655036912,0.8830066945980061
141.96587438909455,190.3140204119082,22.748124739537538,8.459938296679583,1.5721002582036216
149.37145870893806,206.18189300629993,18.174651133166492,7.929969232316309,1.694673204637491
176.1011678921052,221.97825350215462,22.121067014769512,8.47927921508532,1.7266336541282603
99.09904297657823,200.89341517513543,20.7586500751907,8.604449050355433,1.1756504586974126
104.45516472418427,240.70863269095085,21.370241021466036,9.014656938756929,1.0953810520293754
116.34669735309696,191.93009879278102,18.802299187962003,8.100500878251843,1.4259216057961492
82.73656309011429,214.7071798143325,24.262564525189163,9.36018760188596,0.9187295277948813
75.5905806402566,184.2362433300054,25.53923400646818,9.264840109606734,0.9118012789755131
117.08459114711205,190.8156668231013,18.178150565036802,7.989086680128165,1.4549947353418846
87.2291218861061,194.00501082335524,22.810982102490783,8.91545324459817,1.0416359185278554
140.37767936190124,162.58070183122854,24.110752538306865,8.30698501468772,1.6596457237943956
112.45823026467968,159.17236790590067,20.278460709199116,7.9685688380101345,1.4946514247755067
159.9213835269405,216.7489923146758,24.300444678905734,8.815252288877769,1.5711964410464723
144.0318122402699,215.55177383430524,23.05884040613041,8.747887217943381,1.4783505043267062
97.48399696584492,216.29097142100952,25.43330105816856,9.409472839875782,1.0351453447406165
159.87117616742412,151.97664453426916,25.848038490830184,8.227877709816624,1.852871402408182
156.57172289961622,182.654684267178,18.33876891198964,7.675238012841477,1.8703102258981388
106.49740548362094,169.7809847259197,21.55950208821605,8.318809014877477,1.351934191355057
94.5993724716293,227.81514225440122,22.375902300625746,9.124568515095385,1.0238489583814157
141.89946047699706,236.063040139613,19.17394586566122,8.391954901046791,1.4806294538629754
76.77029803311717,174.66803772261474,20.690286643418894,8.489988539786326,1.0251461153200598
83.988984297013,216.78491588479864,25.901179582051693,9.586597438931005,0.9045325973214401
60.883472370120664,162.93628034582744,18.129843650739772,8.102459373925171,0.9119650017053362
154.4309253002566,177.51525256017132,21.620063452195073,8.085139034174087,1.7733982569543878
139.78210279104385,163.86544962334196,24.74123697374557,8.40365380269808,1.6325688001926053
144.61984543516022,178.35207665992291,20.591210101754307,8.020952619859592,1.710030741928523
153.68748372263616,217.47365473492778,21.838388022041226,8.538298097517774,1.5781931347558744
115.06989306460079,241.03269101852524,25.82436596630384,9.553519193790304,1.1107563699848655
128.24894351434725,170.2522407924186,21.79901469180563,8.198215404940205,1.5627543363629273
76.7756397753189,204.20790349507192,19.047370497171993,8.55030147068888,0.9651566746305935
73.74360882431681,220.13911012434323,18.413771933331127,8.614871837252483,0.9020578437546569
140.2083554148566,245.29224684855657,25.56333257951959,9.374781732626266,1.2971871507164305
116.5315447371759,211.00604828871738,20.126475306200525,8.48322869910502,1.3222419387925826
127.82833277774266,175.51069310273806,22.032511252516407,8.29504461141635,1.5279054360192759
151.79986288992308,212.54781569139362,18.725614128719748,8.057734892283309,1.670340130476035
136.1661984000709,182.04911616780163,21.38924096440484,8.22726205310913,1.5918588769984567
126.42952807895949,247.61283906917078,25.44084415400099,9.476918392211948,1.187992074304978
127.10485928944962,189.96761351636368,22.019303949047508,8.462554057820306,1.4576088752259106
96.47401176751346,218.54277207610141,25.769081214418623,9.483104632114841,1.0152452766069633
63.69814014815273,152.32275823467586,20.070685097899197,8.237133689401098,0.9505744328482703
112.40608670788349,190.00614461347553,22.036361917631496,8.571362961980368,1.3187076234034678
85.75016073834351,237.51076133225115,24.8762463344746,9.62784936770049,0.8846683527620168
109.02343724695633,211.0227444433246,21.58601883642995,8.74837583555115,1.2211560169315456
162.40836879217994,194.39428863959765,20.235898988561516,8.033908468170285,1.7982090955092636
88.0727383038409,243.5937499435726,24.843802907343054,9.656791848684316,0.8920555774252383
66.99632900268793,235.39843761472292,21.11911575098087,9.224304055407316,0.7586658938840477
93.76606704263959,182.2215673822938,22.245786328481874,8.65623576704234,1.157208085800588
95.23125093200204,204.45484020413397,25.812216531321166,9.355831028376723,1.0429290841835088
139.42998176722742,198.98242560924626,19.491866358046913,8.119468553070483,1.5968716748064087
126.8438582809534,213.22025001148623,20.411205093761485,8.47448893023901,1.4017515222308654
154.0677850927696,183.41112669587557,18.24855680055872,7.685197628650622,1.8463110440446848
139.71762483928651,174.42050007658884,21.134701679280422,8.081268088426423,1.6689216249657515
108.76642337280846,241.2671835255536,19.601467444678875,8.720242829523823,1.1664422415295599
157.68244615992415,242.38744994985063,23.440279483263133,8.954300440422072,1.4785245275268049
80.03675038892447,234.3322885761979,19.45057167012682,8.85134819296607,0.9156216060168229
62.72544877606326,247.82044307645614,23.39850201924696,9.700115950516935,0.6685957502528748
70.80574329307701,224.49915257796886,20.10780342551454,8.945813474155646,0.8341466972331045
146.68312207157405,226.46672285619997,20.8417426729696,8.526291474294037,1.511665251711985
115.42526763016649,226.25900919626406,20.79088521637118,8.727528350176197,1.2463810170393446
79.35261348403222,198.06076309423065,23.734014001308875,9.149208114849968,0.93600335185179
120.12537301240363,195.64521945142715,21.732074105106744,8.53377838867377,1.3765315110895067
78.27745232558021,174.02262761490033,20.890391190821465,8.498714954176744,1.0410832563469639
143.55844500932832,214.48191943592906,24.8209817523156,8.968872131451144,1.44094917265905
113.53875306888368,178.93201361023344,22.57560500512962,8.510528586048009,1.362505011995251
105.7225471315779,175.78084097023543,19.710646570223982,8.136698153426318,1.3607767794545247
96.18145069774518,208.5961374096055,25.20073022514946,9.312711912341168,1.0484412968423118
135.63391117426661,190.9982388225043,20.741202368269125,8.240211830179996,1.5631213898164915
103.41751326640686,171.88566087946322,18.311835020298563,7.902738214298801,1.387979730821008
70.51799031793212,231.6056016752831,21.956801791795623,9.289476031011791,0.7909318468845907
74.16070825446184,236.0569919294376,18.991504435527023,8.836637534559404,0.8598984173519026
175.42771974594174,166.7699519677781,19.90773154972594,7.602260609205245,2.0770860075560993
169.02968288491286,150.75070327999998,23.976886981499288,7.937791362169916,1.9917781626757818
143.96485605728995,183.61299685293739,19.046014507010547,7.866527534233865,1.7242704339266726
91.90439537514234,229.75108356807525,24.455553794832284,9.452029701216107,0.9634960560323658
176.30116528172687,233.91738662343244,25.495258305047628,9.023901815513836,1.5977041980417879
153.45010847589535,163.83290701160493,22.852256803263558,8.08082806384444,1.8045604974364187
146.02682269907947,227.43359011830512,23.682873536182633,8.929696827914965,1.4369529380803354
113.92338025725464,161.57041673094295,23.70869287925934,8.437321408264609,1.4187208472518287
92.66898742141908,189.00625901565292,25.94246365816356,9.223495267205505,1.0637881632314876
71.56691545841991,249.86095150119158,20.732306097612984,9.241753734763806,0.7804938174962646
168.312287585261,169.25908232309098,19.30285240994162,7.591810519286865,2.019894782699289
114.69315478003332,165.39635825776264,22.15333787931457,8.282354483567518,1.4426948507554502
84.28360377542764,192.28003325467935,22.265998478653664,8.84592772500805,1.0253302030231068
96.7147948980783,211.96685259698614,19.423299906369156,8.528708331028735,1.143258526111251
129.50634827302753,243.29007824132532,22.904875351953116,9.077455881587639,1.269913964172611
81.21273395270781,248.08211455330343,18.11299786781459,8.729601101316266,0.9184566564307918
162.79371409108506,156.96406365913947,25.421347219633773,8.231185213287727,1.8588422862716045
151.0223435802252,163.79975173479053,20.116594222570093,7.743081195797792,1.8641152052507615
146.33555471411242,229.07379738959938,18.316481667121536,8.173599064518873,1.5684605016426927
111.85116477301244,177.06321522708603,18.865995531798855,7.983531084313843,1.4414406821439516
135.27706088429318,238.48490595063606,19.921991586237134,8.56790474827169,1.397562580060846
130.09175626952828,216.34532572290868,20.191249348848363,8.449469829723716,1.4244692487521766
137.9815921865784,161.18448023806772,18.262479995981828,7.535754473430032,1.8127884896261541
70.13331853678669,233.2529284924007,20.234838497549834,9.044353748163834,0.8064669214040917
109.89688826047316,167.63563800080757,19.543533891947856,7.987905902539746,1.4455134462321861
64.9937008634271,192.34953946796537,21.02896741947615,8.831360857169571,0.8343147558193937
119.27889830934227,205.218492855933,21.081341898847754,8.546304440911483,1.3469568944525172
99.58334547993424,200.07661490802784,20.712061924823033,8.585887125244229,1.184128439871658
77.34290266392563,218.61629156151506,20.62339106824563,8.920898563477435,0.9075733008265737
72.4083561267062,215.2686734869255,18.71785022193001,8.632715382463777,0.8944801017186396
130.51734866132546,249.20420055280547,18.201639577009296,8.414822138313697,1.3658477066603474
80.47115622442634,249.94219092241877,19.616914401251734,8.996440968791964,0.8820128679470071
171.01441420521567,201.64594026356409,24.053195419332923,8.557983100618783,1.7269377583473169
129.7273367640474,159.5199086960864,25.926478124408977,8.556710737773425,1.535887450852438
101.62437654418045,222.78432989687184,25.428209400458634,9.438667137344499,1.0539139722741395
130.90985897777,247.6664078216589,22.03375484430215,8.981607289315505,1.285259204793834
62.7364645235637,181.83263876290204,22.254590846223472,8.913686420890777,0.8189928479101417
175.02710558897343,196.1208885837574,20.51665255228674,8.014367696787177,1.8860300207443113
117.87641243314803,192.4776924815456,24.19151550910125,8.84207043401465,1.3174334122885387
153.92822727003434,155.14191545569292,24.11805350346119,8.11444940561274,1.8252826519416467
69.92759999069263,217.22644312234448,24.754178860659557,9.560459059613056,0.7824125470267803
118.39899970057924,185.33376950684678,25.164036617575075,8.879020862420845,1.3314408968310212
118.8848393225425,228.74638746315023,21.474793985802364,8.824425957040049,1.2548083059961956
172.53917459699795,233.2120075281986,24.13500454485758,8.869436398892292,1.604453196910392
128.60736628512905,232.12307865978454,24.451189830367028,9.19485000897555,1.268080683956774
116.81872812683446,191.66659980398802,20.467676979982002,8.338609358816278,1.3898221646164926
92.03707957102723,182.15456822408996,25.4339379520492,9.085289883872425,1.0872777245600767
99.78827968110626,224.88207796670548,18.754732021117242,8.515755589060117,1.1482341937567286
122.48068829658453,230.1389433842723,25.954153433306264,9.415522312509472,1.1992179977809652
112.6693752366056,199.12574463913663,24.160725745270955,8.94967858726424,1.2464365711301013
62.593449585639654,239.30310195363032,18.746167242594616,8.912902392681836,0.7369680326254165
159.15503090332294,164.39086960785582,23.249837184840004,8.099497337958422,1.8412742171831311
167.53929262077202,237.906877965896,18.273435287426082,8.113566952992576,1.709562663826546
76.8298906798333,159.60952329718813,24.16149559555346,8.7710699569092,1.0213868302858522
126.48433722468593,165.3525522054614,24.39378337327244,8.477338466355494,1.509094812610539
73.02908893625323,203.38400132739605,22.81928202473158,9.131884521073324,0.8694294057543971
140.6688111647774,156.7518480187415,24.854883135332564,8.31447958202568,1.6760920007719886
93.748054060681,155.28071014001102,18.783066241718878,7.845511843213167,1.3396060082571497
139.1307161630282,150.05187441657054,20.207390736326506,7.6552996818934425,1.8271522427725702
147.2393537144259,193.6316659694263,21.313420172741363,8.269922913841524,1.6397776338191563
152.23769903011885,227.46238812922297,18.339663622624787,8.127648664318741,1.6241098690099394
72.92891351470759,153.48383502799157,21.58572870056933,8.384512735149931,1.0379105814875595
169.92142141651294,215.22576064658554,20.12170764890053,8.177278202241487,1.7660102102956219
87.62567890738569,232.31273174161865,21.141880096814024,9.037134014266657,0.9668513448406297
64.48950674114157,166.8000848577871,21.40082105593845,8.60245215813397,0.8934056958731476
126.582296326978,164.68637348214043,25.03529386790148,8.545197828685064,1.4995570472918116
104.51067406349264,236.0800973620536,20.162727764221113,8.794837468748117,1.1312985586258626
159.57476917588957,232.31246099500947,25.149945029730176,9.07394377325373,1.491345040019429
156.99017664771623,203.8941766264187,21.407767718502793,8.325944284679494,1.6739098772360443
98.05666713872584,231.91998792939802,20.62246176555189,8.876890280050345,1.0747652304716984
174.3479274083694,159.27560774244947,22.02009639468117,7.786355193515934,2.0428786293804144
94.91014057681423,189.44815179387544,21.34194629090272,8.601644497000025,1.1606435382865123
121.80685550780575,223.7797556106373,20.058978504441168,8.55298591041122,1.3276306088172054
90.71581086811233,175.74519593239634,22.021434598368536,8.575287581039508,1.1523631472082558
172.3252284058756,225.23289144335527,19.21441386463065,8.121889927897083,1.7697519260601082
79.75293810984218,200.41786043908138,20.81543954418373,8.758830897829458,0.9775547798810085
65.38927432707948,225.02659879482331,22.526321754992725,9.359276140999178,0.7460660980156476
112.21164720036455,196.46796378573296,21.30726595511887,8.540549387092161,1.3079163885393805
179.08506768670046,186.79043402218176,24.59129888840637,8.408017020244698,1.847866772404103
167.00127195058968,171.91892164786324,20.05377409228133,7.733209334731494,1.965487456058455
149.8329623348339,170.8379341435015,25.75817263064808,8.543636422345212,1.662497492915304
166.89509890542297,225.1490810571396,24.27777616681081,8.848477656664196,1.5910871963457522
167.2135967637436,161.89103480339605,25.740744207979777,8.305849278455009,1.8591503118953634
122.26300324637388,158.59823501109452,24.70509243864243,8.456121246237691,1.4947167442998837
97.91148621969516,167.62913650221302,19.13683140681314,8.016737788653208,1.3241166169336414
152.64149185331857,167.5346511453922,22.21168072508011,8.052748081126323,1.7943760823984434
139.39935158013134,232.31076228068997,19.359828169566285,8.40493964853298,1.4680540720853743
104.83892746484521,189.85066234742123,24.54581882101806,8.958181094116082,1.1995006776688815
71.33600016738183,249.03884573604824,22.673297193466368,9.531246449886726,0.7558004541665959
149.61475336188312,163.72112577906123,20.107594514855247,7.749854930975923,1.8514589451127248
91.49526191074376,215.35398256936432,25.43679177605737,9.449485685925255,0.9833655277809018
172.41757806405352,194.87295072012506,18.921488426514085,7.7930480672539355,1.9246950387826853
88.91646900068217,189.2918176697074,22.510899227770512,8.80988531363498,1.0786028929574156
74.73095188937832,237.50841990540823,23.768324437333803,9.566137031395709,0.7973522116423533
159.73352065498872,247.55956458283995,18.470788298659453,8.266343684125008,1.6042511454060633
78.39411799493928,237.2858958774179,22.78284826564963,9.393484643262205,0.8443860451797676
81.51219697892869,169.23006790351332,24.527209723704754,8.901992555268263,1.0348791704928468
131.92593498250122,172.07979212089342,18.540218515344428,7.74316438539569,1.6818736376224588
164.94744490049573,215.60738790950634,22.097943768853018,8.484382623421876,1.6686676485462553
83.57215988574879,178.90835816381917,20.06845742518992,8.392692533991031,1.099494416532016
97.23884074801137,223.472513078058,23.30339561229537,9.19505802588221,1.0449946336008895
153.2885805889413,206.64206508096447,18.94941893663076,8.026876535343378,1.7022631464867748
176.6191711273161,205.09087684904028,25.496411445364053,8.735356115971321,1.7185584630099806
120.08894234428108,232.85469248387858,25.157828653717853,9.356008057926887,1.1848356626042909
77.26770030615009,221.05327717426778,19.487795359005673,8.767615368836228,0.9188893976317688
61.672354524984186,152.65777649972918,20.58612707492084,8.332822217172868,0.9147422698822292
87.55872359986263,154.94591371460157,22.701079797224345,8.429336168626016,1.185393743251444
75.81866613438253,210.15584524560157,23.744498693074004,9.303586738617513,0.8690667850082423
141.31904083354289,198.61920756222756,21.541248121282067,8.3922129403833,1.5600499568535158
74.61990055542374,176.01846553429914,19.2503305756878,8.31078021971505,1.0214655824893693
120.75959179447597,191.86560873148017,18.83321195042297,8.074260242379738,1.4691927808480774
143.31149227714639,225.79103187328604,25.998122695314752,9.229223163994842,1.375755316098489
129.73399310650828,232.661148465793,21.642816971547898,8.807457231141127,1.3310607197593087
83.97307819920691,206.12230678900443,24.980253993187986,9.359668105236384,0.9432936995390436
156.49494314187152,188.5369480857103,21.859008037032915,8.227981563689736,1.7288731042159848
145.8488555538962,177.0696761495107,25.378861108368028,8.605448905661454,1.6060312366625802
148.67808046986502,202.19184707692534,18.702075062172405,7.975860965757789,1.6895949042771536
75.7269301868776,181.47496185643809,18.912153530676406,8.309797380535377,1.0232052484803453
74.85045643804135,206.4095137047223,25.437057501793795,9.500924637290618,0.8478286285924729
171.30750612078091,217.66523825096377,25.57994436035828,8.909499430863464,1.6239038056336987
107.70938325899287,156.6079210919395,20.517739579722907,8.00321414588671,1.4496417863098134
96.11384301371277,150.10674650227472,20.841319095950976,8.048760445250508,1.3427277754811568
118.630085442184,171.2277138840743,21.619601878678065,8.254801103555026,1.4678697864324493
139.54370553162988,239.4511497718781,21.329293440538326,8.754949789352036,1.3959691103257326
174.67479084563638,214.62907632285592,19.52036172767677,8.057530715008642,1.825827014683418
94.37354722584661,167.19603519370227,25.187003071514997,8.849428825880626,1.1680568597737933
170.97701151744326,239.02639618236188,20.02646080564515,8.36690309641648,1.6775731555842872
62.98313896635076,196.995594028734,23.642179275821213,9.268330777077677,0.7680677962218232
126.62376507921896,197.60917566786605,18.53724542187978,8.047700340932128,1.510372690348639
136.07701340173023,243.55419438426551,18.310010652227437,8.353611269698046,1.4289336329664872
72.7076884500904,155.948669218334,23.229843780615365,8.638264315858784,1.0002059622842945
76.84075164766952,171.51782746287185,20.712126860586082,8.45591701897885,1.0360645966634103
110.29371831795646,208.57713251547224,23.24367514176001,8.944031991983266,1.2094055048709937
175.9478294571818,169.5486509582004,18.752169617350642,7.4743149969617475,2.1078719827508303
131.52510638812473,217.95270092089578,25.598811039326907,9.186782911117874,1.317097846905398
171.96278659202534,171.409228933672,23.988115735144763,8.195573420008772,1.8902132016016528
156.52330987355649,159.91569705988144,25.010137864206392,8.266647435796918,1.797392450774022
116.08579218663498,170.69851596408398,19.091764432356086,7.914837257740814,1.5090293248119133
154.1716139102625,192.27340342720623,20.561287751142956,8.108050781485078,1.7277539905830834
62.14041407723853,167.61382991730798,20.946753313650753,8.568532627881334,0.8688552572244843
73.0972796118882,163.46920249233474,22.297381186614547,8.609632770125126,0.9932778124453866
159.53143378592836,236.0281886218941,20.374947884059313,8.461295813084188,1.590845347443596
155.6180505990194,182.03972035973078,18.485045937515242,7.695792492977867,1.859651876917372
87.91688903597205,186.07586865182537,20.951027045899764,8.564593704338124,1.1061294256339629
123.69235087188642,155.52704095012277,20.03639451701826,7.809058589164663,1.6400607097616018
132.72189848400131,185.7369623502054,21.08737033170572,8.250814924865987,1.5507675013249742
164.12867445312133,176.48071773215796,19.57567634096021,7.737766010762142,1.9298156522333625
132.37285888064707,211.04850673417886,20.095170996517883,8.37082218522373,1.4672241766900482
109.50858831284164,170.53902976724066,23.01561872345815,8.497583159577818,1.348638008446031
104.90208520886192,238.83654530628405,21.105230676624522,8.956700407756617,1.1092450062586219
111.10585036482118,242.9666620919555,20.763067145355937,8.894909282642116,1.1589092554777738
138.2317230695969,159.98310571767902,22.271245061778984,8.060416923032587,1.7001364139720436
164.098875810279,160.74029562885772,24.174884326751407,8.130202181198992,1.8804593562609473
114.46762584915597,161.5326438110988,21.03094365078366,8.086282340987395,1.485396175247946
89.74074755416298,211.9569256310312,22.700155940446724,9.061873710622208,1.0159284243188393
88.39948355970974,162.19689642096228,25.72962100294541,8.899936655475168,1.115784250726349
149.52171362921356,235.23823179302664,22.175840912944405,8.773042793146717,1.470077759143944
157.98825161086924,225.42715149378924,25.278380612140356,9.035688620949227,1.502052937802644
72.63336958249499,231.9808858238024,24.349380994051415,9.617084508033948,0.7821813426877127
67.98706283462138,202.6060526886021,18.469749453201196,8.513392310740834,0.8812632219171014
131.33203965077422,249.66772115191534,21.432790971754056,8.908366361555307,1.2950888456267597
77.54078930312379,154.41751029441613,23.586547262948706,8.621136780416485,1.057074495068361
158.95970285476096,190.12649641861134,25.8936952995856,8.732283677398426,1.6417933828964204
97.24016087088893,182.39366689376362,21.6670103292921,8.551529572344412,1.2034684579268429
77.26463195653712,244.8645498712641,18.742283633013916,8.840139376461886,0.8757928566939993
170.51645669849404,207.68609584975928,22.496073397702943,8.424665305520465,1.7361808455381404
79.86380672823339,230.6190965444725,19.01251033699168,8.752284183209772,0.9300978167955479
94.16640988055227,167.0341193658519,24.01215648223515,8.702333578663541,1.1861967612029258
78.43360742304704,247.86341439004389,22.061415979694225,9.37378617647969,0.8319567643228776
73.8588076398426,199.86395468763152,23.787450947018293,9.222280985867503,0.874222258212287
62.537761960372805,199.36720762706457,24.954894615028188,9.474514337082775,0.7437002815736923
66.64744909971121,247.08847285457378,23.031584137302218,9.607441408967315,0.7110653067512287
80.95697651230232,188.0732361217145,22.89951463402545,8.915044053370192,0.993288401361976
66.40583191526105,189.7525024554993,24.03656236351705,9.213301581204814,0.8178292039053349
130.93725793331654,208.47527028049367,24.73964001162134,8.986739281876883,1.3616015177108192
141.68574321594076,162.8052610547787,24.95243029021602,8.401106852305443,1.6505516162086897
107.23565481984339,182.1085626411855,18.291441565463067,7.984454214188651,1.3861763982979505
98.15893163424593,169.32083224451304,22.449522374382315,8.496450007490468,1.2479535467677507
120.54314844266761,160.32834791070496,19.730154478380413,7.849809420777806,1.5897990626039897
165.00059306815302,236.614460633102,24.882767126254265,9.044065968694913,1.5209288595164623
162.13579521866473,208.9331166127476,23.18718148162689,8.58013199141306,1.6470797121823575
65.21700744153503,185.86727915279113,21.361779832259504,8.8093609943544,0.848939118353249
81.7798091515829,190.86693773667128,19.50483382497081,8.450550874567911,1.0509700190592124
88.40938453252753,193.15190036873545,20.71218900735861,8.601216685300162,1.092556493132334
89.92650909986541,213.31491821447094,23.630221556321796,9.20186734625299,0.9998005719788718
128.54791820913272,242.67693914889932,19.63487636169311,8.602401976738173,1.3341050497621845
109.95149108438308,243.27796196569824,18.74866356270698,8.593129660748696,1.1897066045186326
65.91049439131127,189.14919795306633,25.10423006582041,9.35227393859726,0.8016677942215975
104.8336966151486,182.92624595977696,24.113682796640934,8.823631179081078,1.2320344422973213
122.85035384611646,195.10465001852552,19.59835944526506,8.206410542112978,1.455665306500425
72.20062834844592,206.79342304284927,20.33849234743993,8.810677775994233,0.887487211601891
160.01502645462716,196.18179114497482,25.776561417047084,8.780167903200038,1.6253837522384573
66.23542397581251,215.8753409816701,23.66547589407294,9.430511058321947,0.7604706897546336
170.98102428216745,205.43990233797638,22.8841760337106,8.4494838667136,1.739575107297633
71.89357698958506,182.07155466940762,20.461027883393044,8.580222779854438,0.9497734695713035
161.22899419173032,184.57308057626327,20.39300115333218,7.958011931388145,1.8330560377843184
168.31837727131406,187.8592787559731,18.316188949521845,7.657104821589696,1.948755312446026
177.5484816703911,159.46397682493887,23.827854935215452,7.986941572048876,2.013159744748875
156.24310563283123,166.6062632413973,18.345401800455075,7.49863440061134,1.9588830827969597
153.53730489255946,222.31138021453862,18.03885870221823,8.028980523060184,1.6656588959488121
137.0979931194657,188.909671152208,23.83596070288783,8.617499288441602,1.5105675908029401
153.4795625493755,171.45389725601436,25.590990057193004,8.506949199638496,1.6943309615881643
76.14626500957765,206.26724105748573,24.052024381818484,9.30400616035456,0.8779798759371303
124.32816431371647,225.55395424734272,21.77312152499503,8.800376212775982,1.305964607570208
121.70674442284974,175.74223623453713,21.888361996486985,8.322268305802371,1.4713122748697134
162.9086572947069,232.67898819237445,21.489091381192843,8.570334053914568,1.6000676751176652
115.53592387122191,242.75048596250497,20.59714933688267,8.837153179048363,1.2012859494938866
106.21073953204242,209.73945290738408,22.17371371348672,8.839513651928803,1.1878506891066465
136.7475925484532,216.89476589915796,21.44920765712892,8.590144260450902,1.4497427342677949
91.97559810010152,155.25759903230554,22.785343040326197,8.408303985416337,1.232364248731182
76.77220931447482,244.55198910219065,25.184960644008754,9.804791725637434,0.7859475313096412
117.3452728828495,189.24847342649437,25.96007533859048,9.030224437833827,1.2925736266135903
110.0267242313862,242.390040054543,18.629946319063336,8.566612318267072,1.195613720928008
87.90839286346484,207.89775247502425,21.077467781290732,8.805411877949842,1.0359922872032257
104.10141721381537,150.46187988433277,19.445649566134477,7.800912848872148,1.4672648311308656
103.9670939791497,153.85419993234356,20.81696379140427,8.035701128154555,1.4144477260617183
99.29946772950545,218.0418805669922,20.299784148387385,8.697923853237395,1.132410413820494
105.53568956723147,206.2668013831933,19.396297053014308,8.407251539435903,1.2500435371915473
142.28920145471344,152.65324372060743,24.112608427370326,8.158495844870359,1.7324918101436158
95.62517694855424,224.34599612223855,21.970309942633886,9.027625806891391,1.0493337366647342
173.86295120584086,235.21453370691816,25.353964657737805,9.03379725255369,1.578861686519706
169.96176234458136,199.64174824393083,18.260739545976115,7.757916320902552,1.9029375617522313
117.70925139600944,196.5757440357255,18.53582410505592,8.097239865919795,1.4277088423779098
99.40334460056266,150.54731088346276,21.226188663442752,8.080945463691204,1.3696265684922453
124.25217477960038,228.66497124935992,18.642218563232298,8.361781561034187,1.3674351017705175
161.82725865283496,183.07160667461054,20.101836771318666,7.89792352914055,1.8555128148824156
138.31048086721225,237.87636197825395,25.88823794461299,9.363572679463276,1.3000690313160526
156.52701935364928,187.3060587558053,19.67167685987691,7.916601311099432,1.800405259748779
123.92667312788882,206.50779106307056,19.584941931296726,8.30943284692401,1.4208256385615654
135.95011551211448,177.03417881993275,22.589125350365673,8.328878889447187,1.5832265864481068
94.57867370189541,166.05883125849186,21.983986326345253,8.422269833424078,1.231794426208166
148.1871794772349,227.4907903381328,22.643506377622757,8.776779076918986,1.4766263012066647
84.2885511750862,199.65904788462817,21.013882225668375,8.743966436866996,1.0240467396706905
143.37577545821978,203.64879237522507,24.614098879159577,8.832659153576135,1.4855809367606534
163.28628819910728,246.54159534817356,19.108644411539704,8.33606910410927,1.6167603386366427
75.85234047618528,246.35799122221536,21.427141166731726,9.287281301781883,0.8192280238325347
133.72556886503037,235.56421217024035,23.518094787552698,9.065338133448282,1.3157130339021228
71.41148978759216,168.76092927650336,24.945891522263196,9.038310832669904,0.9194901996967556
147.08587539257124,209.427269430158,20.956572850854062,8.381761709766524,1.5792189710697149
70.13918625882243,237.81474246555373,22.541964792750022,9.431000337479777,0.7675072119230706
172.31277872407512,187.44639364489376,18.553119560058093,7.664085879674719,1.9772063538957603
76.48895160453625,160.1106165935585,19.362552704894632,8.12597734969458,1.097600382922376
175.06562950908966,231.09629022399218,18.553105299728916,8.057261330556992,1.7880108731054125
156.10610113021158,198.17635513621715,23.823047135988176,8.588556052071125,1.6302461132884094
131.2418405359625,206.43926803591785,20.304479749777126,8.364631296037409,1.4698158456288344
153.91489255554563,248.21442963178444,23.789962321534702,9.075212226109194,1.4236264852022016
155.4137806779703,210.7211430494072,18.531186232346197,7.989600164771584,1.7157556310850102
173.52324753807963,192.49793856661015,24.900382403266605,8.545472529561712,1.768283427398848
90.40600246070247,186.9984367847198,24.68424158488873,9.060298686136381,1.0664713337548553
130.8091074429971,191.76192926540458,18.711429944402262,7.987761700367425,1.5709423290330473
71.40590370772814,161.83990831786687,18.190052051657492,8.011807802268777,1.0510673316409282
133.93988400289456,229.47505584175718,18.45031050385593,8.275549124034171,1.4558273183909898
80.55495649113466,233.7716858187041,24.829041385173873,9.631645916478455,0.8465879418361743
127.79407337669302,178.4397134573409,19.877627912415164,8.034941283800137,1.5696257311078814
128.69166168406196,180.3796618409944,22.38618654286551,8.392442442705548,1.5053403776619876
115.91821835774728,237.43342563348133,21.409953625440455,8.9107742912767,1.203876929382613
122.71581306157474,152.39703555279556,24.364204209828817,8.325706162250889,1.5380997849728222
151.67080680079056,202.04574437672278,21.911186411765364,8.409395348633048,1.6242990220208704
155.909365981448,196.36757146815012,22.00528672529016,8.3354919735504,1.6828118973493131
119.05838586905149,219.01267695784597,25.91273551599922,9.329076824995315,1.2060511617736098
131.95121298271349,166.33917001494544,19.201036453994057,7.771219918663522,1.691683602346666
171.74834828281223,216.83307407951537,24.64563150996745,8.78316497275452,1.6518902102904232
74.36803062013473,187.67340078748765,18.41399796483108,8.307728599383108,0.9974812752966222
74.05242790801326,211.87147781696422,21.821190156583768,9.063463358769628,0.8727296408674238
70.52508142929221,154.0095009872776,25.09067859146419,8.86715157198706,0.9548024085347865
138.94359420486333,196.17271971845094,23.32171172483297,8.61892429347379,1.5071926655466685
110.23299609484553,202.2250893982372,23.481716954929063,8.911661004193592,1.225786860531936
152.91856993702118,171.43264028549865,20.106538258051884,7.82157002312685,1.838498011472252
140.5477695970311,163.96236541791208,21.348598330891633,7.976943443030379,1.7258734756552772
100.03653099938857,168.84743030123013,20.932648507992404,8.270858559546443,1.3011333768935338
167.8039856833843,184.4141078063348,22.171545681263954,8.151147193267015,1.8362627522897939
151.5038576484783,159.68101493049716,21.697823441149346,7.895012690786148,1.8438514885622597
92.46419290922108,244.73197957296046,20.615186815015914,9.02226206721212,0.9901753856678632
103.70304213264649,190.49940614958172,20.44384489896936,8.418058892181111,1.2648684925934657
97.73279762451155,230.8969602506749,20.006823133240978,8.777020048370678,1.0860094200227792
78.91339783499996,247.44171231088467,20.92037797507807,9.19412263420702,0.8529898445411047
77.734004705063,158.0735280002739,19.199531823472483,8.066649230481548,1.1240336312161583
172.33529560508927,215.1669467934994,24.97683441602859,8.8038493032361,1.6554365979908416
112.54848446385039,237.1409086741214,22.816955134667417,9.133490563766689,1.149673510580342
105.99837873328919,213.42344339667284,19.070291404750844,8.420396953299548,1.237752563282669
147.56228504128535,192.90261213574126,23.550874673672013,8.553776621859368,1.5894245452467435
126.35916783034799,193.10763576379384,24.781331743983785,8.860726111524116,1.3795194695306525
172.33679842061548,153.5898886007359,19.900285376418072,7.454315854873359,2.1369840821015056
153.63617926912707,203.46007512892754,19.20480475469811,8.0317989267412,1.7117107589588474
117.52434769494484,249.35429967868475,18.068938057070017,8.478402031614571,1.2555944407358333
105.16313681769914,245.87075259719342,18.37800271085188,8.586007164722247,1.1468361994206862
178.39578539091863,154.0399228842163,24.09801078642809,7.9390944395744985,2.0475411032576285
146.13122832043723,220.5797003629488,25.897490656333552,9.14623646146796,1.4175670519477008
174.14335920046094,180.17648666969308,18.359042579810215,7.5481526574376305,2.0421780919676173
74.21742926604496,240.29891534061366,23.98456767263914,9.624484306555283,0.78442954596178
162.0640415028939,154.51147457092785,18.57489732672768,7.348582693426506,2.0841194521221027
136.44886607894492,243.58741020110807,22.737062599229333,9.009118504797005,1.3274600144951774
74.63060140021351,233.7475743787777,24.048602259425902,9.573862391737297,0.8008632006138484
130.59095999630648,161.75043822526015,20.873635178141903,7.953935114107919,1.6536301002179243
142.33156381265385,155.9824337317299,18.08747776888531,7.419105411392729,1.8952825606453423
61.47632230663234,233.47076643269358,22.76151481700341,9.500342052318036,0.6879152810803155
114.51815542100958,165.57576709745794,25.929957025120224,8.755219254240693,1.36288605630329
159.04794134355853,203.48981529758706,20.060939382707964,8.122027054816416,1.731690243505711
95.44308304129078,241.57448578787094,19.515930217497726,8.804364510817463,1.0452077191155378
115.02576981582614,206.74481135493232,18.99140714202812,8.283295366879607,1.3505078151210461
113.07769524814718,189.7233301472824,22.442044959200448,8.618178645639004,1.317811460796097
96.23128697309899,194.5016054853992,22.771560794882188,8.84324341570572,1.1309737814794147
170.21302746186652,156.3117170703871,24.33816669736322,8.049787688425745,1.9558870778235744
153.75528425178192,246.8752321361599,24.02458618896408,9.096109760732295,1.421961743904354
73.27060931953326,181.06541850810828,25.140331958360697,9.197367443463188,0.9012461795016046
179.64415894050876,168.93634916728539,24.446181586738412,8.170230674127756,1.9547341960180191
165.50400291692944,178.60473018403954,19.978136664635556,7.808799256043697,1.9163566805132781
94.06901254368468,246.43731948914788,22.44701923900609,9.296666335827686,0.9713209458561521
160.4275895593126,159.4286053488007,20.37929567274864,7.664442986397117,1.970560463291633
72.77034382456594,236.73030405011812,20.63828303641202,9.114225558426522,0.820017321147498
179.89256765690862,220.7843894401448,25.45555495383997,8.870661392515816,1.6757580130682843
139.88216833278443,233.00191791590282,23.45516724053659,8.991730326870643,1.3741902005809221
138.01500186705564,247.58975403678963,25.796723306008847,9.440037078734086,1.2698540959048532
70.85288723809593,234.21546555168717,21.335300293749956,9.215663993597081,0.7968310847902154
167.64400786759504,244.33823512778528,22.29950058683181,8.753542488321182,1.5715592563849554
63.479940384536334,162.69352567909198,21.896923359331375,8.629577364489707,0.8863570514043675
88.89936696493764,229.57885651669702,18.858296460189816,8.650893711022944,1.026076447645378
77.1626250199962,204.5675694081048,19.893615956212827,8.681718024678101,0.953763296025812
153.21215288306624,204.34955950798607,22.221090884835856,8.464357606288527,1.619153453746495
83.78450726554775,239.89215763205135,18.538994441064048,8.719491980336585,0.955316494409258
169.27658725570623,247.18038186467112,25.451695434471112,9.182580319609452,1.5020644176563616
138.7522847192988,220.4838323043181,18.99074945554697,8.250993523446812,1.5165740407374309
64.33952525936354,198.2938389471784,19.583845971335258,8.678424866283072,0.8328154526920201
60.651580095444054,195.64038579018452,24.122569791509093,9.340673853913758,0.7405430232978525
66.19895004172787,188.63414572231818,18.77547633431451,8.440563557366639,0.8922842726753765
132.71102131772733,186.15990295726627,25.202224796923275,8.787007654098113,1.4550866155488387
156.17781730312984,189.15068416844315,23.805607765780284,8.48639496725002,1.6724886932197063
88.62633847528662,158.97532352511953,18.54896685687087,7.895937190213816,1.267592051518739
161.92906115076875,157.74360852604383,23.534776490285225,8.028146309507441,1.897239031959213
66.86783281839125,227.98698438723116,23.05302833737054,9.448761794000669,0.7489434696698933
156.11566243700113,194.6072892920226,24.05879546191935,8.579232721454094,1.6406649913813438
171.33545162067364,243.06844885446205,24.625582819914687,9.028312281822991,1.5484220457266142
152.65300789252566,211.22210085939525,23.746804505385242,8.737380335049922,1.5491717819137678
143.77449407743646,153.51759821844198,22.689410362167777,7.988402984290222,1.7789217641063935
160.55762623864598,165.75233413174794,20.579706548654222,7.768982179366532,1.9263038064072446
64.81815594564797,170.58197930130075,23.578189294639433,8.943305824297095,0.8566042759640561
84.21385328628665,247.57360243896605,25.655772677046237,9.83161059538648,0.8402319997627755
74.99084151667716,171.87042261516348,22.700174244230993,8.751689965697134,0.9813783622745984
120.54371882315839,201.57556762880512,23.314758947474033,8.806053246457145,1.3247347227439226
149.42257539946135,243.6176931640196,21.497024337598404,8.749672630008833,1.4561351739044375
135.60142134916785,247.71927299143573,24.048966477944596,9.228779903661808,1.2825613521780486
162.1357319714322,173.63604353835444,25.98133913870909,8.521189909227337,1.7462583868670756
78.6255590929309,154.91176437500403,19.28311459254189,8.03177950979326,1.1458458423460323
148.15453103221938,165.36018325377586,19.619242236030097,7.712618647731171,1.8438333107048732
83.1649789042685,156.33284787025582,22.315502069315116,8.433854159379502,1.136332981020129
92.49105015813603,169.51242410923365,21.851003178093265,8.463460653611142,1.1980507072535758
145.18856367375648,206.85697147037354,22.57255827605375,8.589440673868673,1.533370052782095
177.6245741878418,241.24487962956417,18.392592381794184,8.10153333165207,1.7709260539862588
133.38523271724836,203.721888369434,21.23421165064359,8.455171589673984,1.476699084135879
66.54003779895547,212.59895566990807,22.663826096524488,9.255437928922222,0.7823214198723643
133.95707639130393,170.1867251609541,22.681530810439703,8.271791061049054,1.5956600688352587
65.08206618962005,230.05836206738502,23.25867169414699,9.511725719813139,0.7248781437753277
166.09748536401807,211.77889085055833,23.761728232021312,8.657253509883077,1.6516213385562057
145.1493942120745,236.41368291927247,23.132377626726853,8.943027713858413,1.4106667501864292
80.77534157070039,244.88431070057842,24.32194524311548,9.65546203667346,0.8310804953063584
71.00652069890377,184.79007757565924,22.998085077476734,8.976945460629116,0.894299843388413
82.02398746563827,159.05790585354393,22.300061300297635,8.477305019406552,1.1128745759846064
177.6032615465031,172.59289579167825,22.849571431102486,8.036951440531245,1.962877456157117
115.02727709501877,193.78415656758372,18.80954693402666,8.129477086833699,1.4050112928795149
154.08971380096895,244.56936518244734,20.18525232580416,8.537664983688794,1.5220414611877597
136.3690010529332,187.83098223734152,22.219198245265048,8.401318373032062,1.5464098097659955
128.68957799503647,227.077321366537,24.98389772321366,9.217064146562462,1.275131562633822
77.41563055980596,204.0476692170755,23.432412450303943,9.186338476857777,0.9045496757800162
173.5229344269714,168.28087704309766,18.72326462777518,7.469488983314631,2.095201425380448
96.16111590176615,182.07341189534517,22.738199603555234,8.702061716083751,1.1734612952262375
129.36206589690505,215.31918850228186,19.77390390109679,8.38339849730254,1.4322345646930854
143.97311335068792,217.28533946848935,23.872132478309783,8.872031056889629,1.4535611158681583
137.90797862943705,193.4759746809046,24.61952682006998,8.761347806960575,1.4812583142136406
172.8713291634622,172.86456026621147,22.747650180719788,8.056832936146177,1.9249365962945932
77.81267879040696,222.19067795126765,22.730900878013678,9.258807720309463,0.8733694950365419
121.00232861363305,166.8873041612715,20.70873154568651,8.06230836935427,1.534973348948104
108.48412688889192,243.66696918651266,21.570000169290473,9.039017146412043,1.1190058667149145
116.90024753791417,168.79035790364767,24.912866830522763,8.65687105101149,1.390966208328869
74.30610314372936,160.73123628325203,23.786562647737252,8.760185988965233,0.9941083128007705
76.09135318473184,199.76477023653788,22.158029277566744,8.97632432775858,0.9199934024305002
93.36906549375088,201.9549598109694,20.945859089986968,8.685821372135425,1.1112596764356963
96.56455245129976,200.8192914778245,18.403037906308434,8.26693382392867,1.2001120424463847
111.348385641762,193.66674893388395,19.144059210611083,8.204390239684493,1.3600933198393255
133.3185056443954,249.48148928296084,19.544201516314963,8.611029720618156,1.3546414322058047
136.15549409019155,198.6280612670582,20.9870683460694,8.350495603450597,1.5284576638487664
109.41730759026842,197.7946580739831,25.553149176610198,9.137757077198208,1.197575079660148
109.05397313144366,192.17660627145614,22.04122715886999,8.620358908622338,1.2781114326210663
86.11542320363543,156.6825754701463,19.87872130607385,8.080322457317907,1.2171828007810421
130.596749809081,209.2956631149616,18.846001099692113,8.180245236488732,1.4912473492878249
98.04490935806855,172.79677722231824,20.70644419682371,8.30150215917674,1.2683772870689818
64.32718011328365,213.760898022905,24.525845084408456,9.545780058713984,0.7361246382393334
110.20800529882325,155.0833461948477,21.066742347284062,8.038916942109484,1.4709267397930892
116.89592101082044,248.13871012530018,24.180046448179308,9.382986464905006,1.1320961538057535
87.07114418450531,196.90050790126722,24.42163980901503,9.16357050871868,1.0069398451549665
128.6949519746539,239.67553715906985,18.886566157589634,8.461349358896772,1.363427270635336
127.89262805183051,197.55611732329348,22.86927802101427,8.651930538770554,1.4148637952466987
144.24026173324455,156.03308185742216,25.672768506968886,8.373765009150892,1.6937609819115755
137.75381786414522,232.22135460938068,21.21710459922843,8.688884951102452,1.4085265725274705
138.2919667825238,214.81837296671344,18.407552712024177,8.114068055748135,1.5515823603212675
97.94569821888517,228.17570475739453,25.386421522063028,9.513189037128509,1.0080107332199728
154.49186663831446,192.81698635088733,25.069330252579864,8.694548230879256,1.6121030274055874
125.89732603196153,213.7936744246645,22.177131577672014,8.736381876010572,1.351334470166146
111.77018342158681,235.62290037966076,22.418024962752078,9.069912278911978,1.1544527148338934
135.12149771292684,213.10654428718874,19.693928822209,8.3130363213711,1.494100170679951
103.27888013403052,184.76736348359032,24.5556060443571,8.913671200602735,1.2025018355586756
121.52870935281099,216.25295943662,21.988800307137012,8.764562067330608,1.3084564913890149
148.40468261786643,217.18541886140673,18.271022361140453,8.051161190797819,1.635392768143956
166.36834640684492,246.0586962506625,23.464119651591982,8.933629471006787,1.5285574077351112
170.526863675423,187.09123215416693,25.60397015842165,8.586137924814269,1.7542334302624212
120.4359510219719,192.50817675141312,24.633203922766,8.879354803337263,1.3320641004713316
122.43301376886829,231.21229611870592,20.21758512168432,8.636849028509525,1.3048579683037327
155.98444929166038,200.57623147427412,18.426600679466723,7.874326689302895,1.770974383288716
97.73408300930416,223.6573093115733,25.522811300305445,9.490320242164447,1.0161174717199366
160.48588348140822,195.9709464453592,25.49650179903761,8.741161168235172,1.6362596798406939
119.29699758209081,171.54951418127004,22.259322557702955,8.338529206267141,1.4580824353785105
73.90280692023221,224.5203842781011,23.138539293372283,9.370386164796901,0.8245575958655481
68.64709764875325,163.115516918471,21.700800485686464,8.562278078729374,0.9507406401037193
161.03918532473557,169.8583663531308,21.358122936790068,7.917960756334127,1.8818898251556968
66.66815002882535,212.68249827842087,18.955587487429604,8.694079361629182,0.8340289037511328
93.67337233603871,224.726980019207,18.77402318688877,8.561734878190771,1.08833683776365
100.0956048601855,239.4687886867815,19.8618571734095,8.807962471182986,1.087362217963626
80.75933342299126,177.25864974158918,24.693125971252353,9.028862023754456,0.9981953594382837
97.66720437623871,161.07242586005543,19.16665840588544,7.944109707728342,1.3494382912510474
149.12310800701027,245.6046659522629,19.813589215317684,8.521300797141663,1.4889731146876317
61.761941227208496,165.44230880221426,22.38891247457766,8.74706390622532,0.8504983946913087
159.26081094248238,169.76669822546395,19.721049744626196,7.709836329338926,1.9193548370962739
162.785762828947,179.13294535584657,19.305653477742297,7.737979988097621,1.9121596473872617
104.67138878298579,202.93913540262875,22.5065299335837,8.829502301040748,1.1894649284047119
78.43354788727618,238.2825566034078,20.944746167972923,9.128769366621082,0.8677937726628545
132.1008489534097,226.0546022729867,23.009274286723752,8.922068484982786,1.3439989987755432
74.36070670378732,220.81575538426353,25.297642723269412,9.628853418327948,0.8115797322873434
103.7903233293903,167.51805678560038,19.207945051480543,7.982409916332207,1.3882426912784418
175.0115017081167,185.76826315259743,25.307469278504513,8.506830213079656,1.80308921172831
179.45573671003646,197.8404926086678,25.21991973938335,8.60569677796708,1.7798728440545173
152.65258696255026,164.74259534855858,24.63270066668722,8.31321897364939,1.7457754112720487
97.31538119049195,177.34297021266724,23.050287338448683,8.679324434017184,1.1968862938331544
142.5198058999311,180.83332039528443,22.96117325972438,8.376121175304046,1.615416867760139
144.64876385808154,162.7276198329039,23.113701279492012,8.157762069574314,1.723300019525105
106.54100341963797,205.02396919082577,23.523964409742504,8.97422439832041,1.181713951624558
136.90663615033912,220.5028196524193,18.131857604769255,8.130205354580118,1.5248105224302837
61.28731739708115,156.99316314768612,25.6647406332852,9.066012822797454,0.829222712043465
85.08691903226898,198.11231017631496,22.68483009172464,8.958777271384713,1.0095714239073765
123.01059635607135,228.2211195267795,24.251726715219373,9.173124494468269,1.2383272552218383
79.6501565109955,224.7990128952447,21.018254712490904,9.016618441854616,0.9097193928226953
79.90882414518404,231.5073096218754,18.09917771132637,8.609555553495044,0.9445463547685934
160.35651486602856,194.8240633170607,22.077877279011553,8.300244901066751,1.7251589214769212
178.69596032203265,232.05570826398608,22.057520954527433,8.546981049417642,1.705824916705719
126.71633136341381,174.07530712142696,21.495914306491613,8.214645267832617,1.5371663942300462
160.6883677058056,186.08105614175153,20.717736433296615,8.02206666125696,1.8104563273276448
178.8385997191527,167.63555764178014,19.998608702477775,7.6048470912320525,2.098290124009371
76.99150662825296,196.74845394285717,22.220358995977463,8.946695011001768,0.9367273026404574
113.78947359052214,189.20600224154433,21.00222511754795,8.409772301055204,1.357743115263904
107.10872590103038,174.0927116414312,25.75945506439847,8.903529376673262,1.2590400375802946
69.6059140375422,225.17807092307817,19.383418462135452,8.846989234304225,0.8307751009489188
150.63962073536933,181.38467721116467,20.557324541016698,8.011674343405335,1.750550214813121
112.05348327871116,177.28043301458356,20.35168376739657,8.199183364228835,1.404837372289217
116.31923210284815,163.0890330850495,22.346473409887658,8.2661587184992,1.4656867479156024
78.08075685758882,193.88217018019486,21.994242055793183,8.87586629336493,0.9596641362729698
81.71119826770418,180.29646288373021,23.149923723394185,8.854701130986635,1.0215070393539958
168.8524346587458,186.92728413409685,25.600014164593663,8.594670215047858,1.7420107951468837
65.35789067691347,173.59972626205527,20.28176868395094,8.514372295311492,0.900593461537686
87.94227419324474,226.31554898199005,23.542172554039972,9.32771108621601,0.9486520154014881
95.0471196377434,243.00033473547174,18.200321624041468,8.605674020770417,1.0635095857373282
118.82370508819037,199.79318527888876,20.099107781868994,8.354578005572385,1.3859592887945729
130.37342076177552,214.29984233408325,21.709757823972744,8.645318722363236,1.3986456175355872
119.19479710207999,236.7172276606706,18.247958307849075,8.398538566103399,1.3051210391134098
70.09384014682584,249.88296373336587,22.941355684429112,9.587522712180338,0.7395243285620304
89.24009448668562,211.35164847298321,23.426484867213667,9.160447240050685,1.0016667103366224
161.23060617150495,238.97794665398686,23.973853718704373,8.972248207244206,1.50482124596682
136.51064405741508,240.8608246555642,22.132596038744097,8.901229987263134,1.34924748055534
137.89788601611292,229.14514878076224,22.831557319829013,8.886213655467472,1.384437143692662
140.4243906421626,196.09313910731103,21.168522010227896,8.320902525907524,1.5726673179487263
151.5483622847435,158.11540004238992,18.3300242600525,7.422918059116145,1.966323000185193
66.97301780657368,151.58055554401338,18.799614846196103,8.013480085303438,1.018806569683178
103.99300619191348,197.72006332829247,23.239967393611714,8.87999273732202,1.1871753817915447
124.74329223140144,199.43145335346176,25.96444239668621,9.089126562403157,1.3195213223155753
100.61477799567912,190.73623878629724,18.12642591330637,8.095399162090722,1.2855941541528921
161.3374647944624,206.81673512913645,22.460667974611063,8.468893319392963,1.668371798324623
117.90870103047527,205.2162703304427,24.008070023060462,8.954294065238487,1.2749534878222841
152.2353107351255,233.6613041032693,24.61419862411103,9.066748575213367,1.4432000976382882
162.2418620257403,160.86571032622624,22.36163920978112,7.9247472985193514,1.915135294962264
120.57497794841977,172.51776661055456,22.95932784147284,8.43185082136316,1.450422807343104
169.146269264562,229.30049789596305,23.573799562196427,8.782210236032178,1.608030381867072
130.45487286443768,234.78368672236545,24.871729997547444,9.26085027185523,1.2669353024815937
162.03291586004661,249.48242136208677,18.97831629762255,8.346533573121295,1.600049690289891
100.87089547098292,237.29120163870843,25.409457570198906,9.575680957130142,1.009532688937498
119.85803502377823,238.98990070723312,18.20813922841256,8.405810180868597,1.3048413131098069
123.76932492054932,181.4347942629905,24.6895980076622,8.733989661181042,1.405413495625216
72.59756590752846,190.16616340093765,18.61392341247758,8.378659163896618,0.965777681380019
107.82630080418488,176.8085104820551,19.557025692839378,8.110743779637906,1.3823995576637031
170.08052070620113,210.62993981927156,18.031153171049063,7.82664935570823,1.8580967664390549
135.69986884376908,243.88053542070384,21.562053644288326,8.85075852913953,1.3453941105541536
81.3007898924361,184.46408865116177,20.67487381373914,8.560255401897807,1.0446250165586695
100.6626762731526,205.70017818814503,19.32794329189622,8.426746095813897,1.2050086055926492
82.99236115952398,179.62996304534852,21.60872128643125,8.625694275732396,1.0626563160847553
62.978775815828705,166.97999737727076,21.21896706537747,8.592266060064834,0.8770741247190048
171.2952550204832,169.51855298186555,24.14128826158993,8.19425293660506,1.8912299930790062
113.78487939082459,155.794534453813,25.14504244856026,8.534567393836557,1.4153907593816848
96.90420869049434,244.92935230092573,23.220538014136654,9.373267461656463,0.9881645576921381
131.8172629869284,190.28796085076297,18.995283109812192,8.008140489349044,1.5789265165969237
60.877734755161875,233.4120892002108,20.363126357678805,9.141742124791222,0.7091172686687998
93.36265279209766,218.1329472689691,25.30654637465824,9.444429212935004,0.9947614575171786
144.3640158838671,169.19211614110853,18.709875944063114,7.654427433813708,1.8155967627004628
136.05237276831156,167.5462246579088,21.25484671512661,8.039420572337482,1.6661130744818677
177.81671370510426,231.1988201510545,25.54003695386785,8.994450749566774,1.617677510033981
134.4429251589653,176.47117106195373,25.605318731755887,8.706326384517768,1.5045306920823436
117.30070483532793,241.32851837019757,21.28962541639114,8.915923534691512,1.206640440735068
151.37190758208092,164.00554046894905,23.339175104790378,8.156752907109137,1.7716519877807422
168.39934463568636,217.77086144544694,21.65396478683199,8.423562851378275,1.6984018476075453
146.4835136062022,231.4473876030934,24.027684315490735,9.00888354161984,1.4192020352987251
175.58534682592554,173.5256388415645,18.252650645543987,7.451265877999293,2.099489958436765
153.84062048858127,177.6207363456566,19.15325719137087,7.7543026069111205,1.8441743220686178
164.01617259143117,246.45188861392018,22.913590428348794,8.877735867107416,1.522836821993029
73.69248854203646,176.45976053461584,19.86041809954451,8.414602303217489,0.9980860432143549
147.88962035925454,192.99570499000478,23.32841839415319,8.524227423551235,1.5970679384979498
112.81064394328423,193.2515593242366,20.809783419690387,8.432568317523486,1.3367757726200447
126.37245628935302,175.30347499296835,25.09316446502257,8.689626507579185,1.4475213326250835
138.4922891378828,227.57910864370905,24.55407508447989,9.096612313751518,1.3595822346841728
176.37781400466832,227.18493432291552,21.942702400550257,8.501511250374683,1.7117515106813648
178.14936977179497,187.83180142237856,24.18316069675886,8.37669638180398,1.8460328026942592
94.58738945854863,233.51257910807337,20.16910308988072,8.847028563976465,1.0462458674870598
148.05041969254995,171.30749343990024,21.9540782144949,8.096361837468844,1.7394081131269836
149.99802455223224,150.43057756676785,19.579856414906224,7.50656489632353,1.9553237052633443
101.57914335756585,207.1167362055741,24.88708934816795,9.213641885358737,1.1070348598715383
74.86437298370652,249.40777724523784,24.58454093254732,9.778290387880144,0.7659882782803834
64.91363523428637,153.86443098268845,25.21719734727201,8.932644705852857,0.8872908523599876
153.2811753035014,170.79980737084605,25.019815849794075,8.43303575781828,1.7094684858738
118.7639690180287,201.89146424870842,25.67677009647596,9.125453273259025,1.2641986920104433
178.26482033939115,230.99407364448706,19.826689853055406,8.227256820847725,1.7718758174913192
115.79681474323837,158.90420050750532,25.454594326362525,8.598808373742523,1.414619742534516
177.35003748886083,189.52346537588943,22.56970553081598,8.200379313289575,1.8759526794174464
109.38912026328718,224.70758006298863,21.379960671345216,8.842910380800888,1.1851446555012455
155.24185806719672,187.15432084063616,22.482991167742984,8.302159307057895,1.7079820401915127
70.17831267741985,168.8836420475639,20.74081885320222,8.48471353165151,0.9657409558108992
126.65540521653168,169.54958273965875,20.308424055687617,8.000070681499883,1.5895870794876106
156.24717443828692,191.0048786914994,19.93051470382023,7.993894215033341,1.7711681965226997
170.96420006638664,197.94170748058912,18.659423915657015,7.794181226903078,1.9057860679287886
158.7099708740918,236.1814417816014,21.9725191771775,8.694327398205441,1.5425288659568173
64.43648726414091,214.22524185679936,25.1020934057111,9.627221644127102,0.7303186235738814
104.7242809568081,219.04019545155015,23.04121575419508,9.06005236832125,1.129811354722041
65.84381667766215,248.2987171535907,22.167805062046188,9.4959589731465,0.7107328383487905
73.11387493374696,191.18434403009738,21.42874334600733,8.808385357917198,0.9221838202179217
141.0366754400981,190.33544032491284,21.715213010537536,8.329912507573416,1.589528880992772
145.59098355740377,242.33469677258122,19.674218780575607,8.496050556749566,1.4756031068518876
152.84648193019515,174.58755870050587,24.583487017544776,8.43165984010654,1.6967225320080115
163.85478576667956,222.98152463028666,19.587063706252223,8.206925113699723,1.6999805182993202
148.7317762171812,225.45731382181347,23.732982053818503,8.899751073019386,1.46412020896553
156.10459105279585,159.7787997445443,24.079880091969223,8.158645933735363,1.81847157936001
65.8756451787935,196.8231405693584,22.598952336221874,9.095856077907769,0.8123238850723649
88.14421805295584,170.0562471321554,24.903410999638627,8.90320812067739,1.0970975602538675
134.6277328050295,168.53752728024855,20.328402819605202,7.9364756464167865,1.6731354088111747
162.97503655497877,196.38281104628763,25.052937769942908,8.675723295546675,1.6641250896393256
60.5400149927591,178.9429707508065,23.835283676794432,9.116970135468582,0.7818913616108942
121.75552105396197,229.6060447625871,24.389998622094087,9.21330157737305,1.2212647763560398
141.27448792372766,240.76048913904825,23.316637676218512,9.031848990837025,1.3623406374106828
63.55287469543359,230.27206052883656,24.770744135919756,9.739187138724008,0.6938124524068671
108.16266690640656,176.60308726216653,25.944790901741086,8.948872494716133,1.256197594394468
167.4761857660436,177.41343936886085,21.36130283619711,7.967942169802297,1.8955127763173232
140.59353706270304,175.47283501174675,24.511325469676564,8.518386252206817,1.5872832530113687
88.51900360327167,163.50380960562362,23.95663807614427,8.69641097346077,1.1403305050824109
162.33373555582952,244.37983681037113,21.622961325696146,8.692612766651845,1.5489017598301602
101.76377080914172,190.20477981570693,25.415591997860098,9.096703145708027,1.1548230592090434
162.40136053728713,172.46894745458738,21.15540743658076,7.914370353051848,1.8854030204394057
95.87323813426866,234.66710505082435,22.5237273302099,9.195669056298541,1.0152573037964538
130.8384301059779,189.91953026577906,18.84753885592769,7.988926212533232,1.575506695482841
107.63280812974008,153.51168111096666,19.80620155253013,7.865488949862413,1.4823541757153802
92.97900609060804,166.19415702496312,24.725569364270086,8.790934309343426,1.1649038172271193
166.38690746062431,213.925034035617,21.172421782630778,8.333442687158483,1.712572072821092
82.51124183273896,228.2905274171724,21.152672715322065,9.044354580885388,0.9273615249420231
70.17739094829157,171.0934388488713,19.96784814552496,8.398485755071096,0.971550016884086
101.03123262547925,241.73955892661422,21.932882674379634,9.130948976937118,1.0526567570723206
146.1166977169881,235.09971200521645,24.44653569080498,9.099275140106323,1.3954116674847996
156.8917927171538,234.8380754061081,25.161312942189916,9.116421597471785,1.4624759871391348
179.8492044080118,172.7661146799214,18.56091545635347,7.462199301575123,2.129846408046038
95.56344684133978,155.05359886500577,22.598565849920924,8.352479789169003,1.2768248401466702
108.95303413575387,236.74235394825837,21.738186943138675,9.002582741583167,1.1391880759250146
76.41855336355516,180.58002287385673,22.91425480377263,8.871088496840127,0.9669660355835373
128.98463155476404,211.89163811735258,21.578205495266154,8.613456725172595,1.3983835081593345
179.70960447155008,225.996688370073,21.18915856682732,8.367748816812982,1.7629128276161437
144.10572121447902,162.829325851112,21.775045699435914,7.994099221017943,1.7539645641059616
131.4255408496046,228.0838354519048,22.655993030051313,8.89698931587257,1.3388793634020995
107.08429115061529,243.85114589610657,22.007865688254213,9.114545688404997,1.0986197105798023
169.83585123426658,222.8374965746409,21.77715560816517,8.478868958656054,1.6848272946570337
119.62999153564193,194.1222748480558,24.542682479664645,8.89185098840865,1.320431912175696
76.12402959756739,237.66781387517028,23.965183929902864,9.583480734887006,0.8077163395599463
103.84541558389601,202.7457630072559,20.73102795344954,8.583373062492612,1.2167749735919215
68.06000026173203,224.47709278167542,24.404616940122565,9.596883071114044,0.7527717512340829
84.23748452265379,232.05059438586042,24.829205352036002,9.585731142513312,0.8839699329934436
62.12025371998946,224.9352861699006,19.227937642993524,8.880675027226436,0.7535323452320802
114.39358998001961,178.7854876048154,22.66145969384607,8.513755279469201,1.3696472133835667
136.14483179421566,161.78439009058312,20.28249594879371,7.837343730526771,1.725845126534479
101.19509548546893,173.833852936206,23.91337857541378,8.718149753146108,1.2340870232568255
110.44581258063326,200.28749369803532,19.910282634869468,8.391038988701029,1.3077812244232516
175.1051127413491,200.5276922293096,23.371228193384255,8.434919805920245,1.781422243123139
150.23557458898986,208.26443493145376,20.04099724846107,8.220620905819676,1.6360863563913308
124.90279643339414,189.5101837547891,22.089150107439544,8.482532487145127,1.4375549705705457
94.14490501341903,228.68913814500277,25.589171743329537,9.575108325168348,0.9706850942708226
167.63961585275942,241.31537503472077,21.050460307651477,8.55359224681029,1.6148135141842757
88.21165402567914,174.67250534794712,25.00590788770566,8.973237635174597,1.0801419441685656
99.04112766200124,223.6523217701888,25.895556649631157,9.528024143674482,1.0224082889603519
169.08777773075383,217.79718525450446,24.998806790441307,8.853694971963995,1.6201140041469058
123.54504663420869,202.30904992793148,19.326928237786742,8.233155910763275,1.4402702174539317
149.0781539301572,168.85302338741602,24.557265756281303,8.381944526087695,1.6942114830423876
130.88937529965193,229.52322585827096,18.25719516080449,8.265026233234094,1.4340245253565456
138.41270508113942,246.06262856288328,21.14641506959446,8.79061784000644,1.3694044350955776
95.92599498177907,222.18363322336134,24.96586698654291,9.41784686767252,1.0118221866155777
88.96464739519955,241.7859996625734,23.51001770207936,9.449895913947625,0.9215098613868333
98.69908166023983,248.41852649479998,22.261923418703024,9.250651388866101,1.010056711029691
78.65298769001069,185.20506742392382,21.102912200660963,8.651592762081297,1.0057743054209456
164.9177238348969,213.8223552926337,24.49837557176229,8.778534022220414,1.616611471811464
93.98963199001369,197.3932737638078,23.676467231585768,9.013631602349694,1.084614352369071
127.37872732972616,248.66287468632302,21.747242556925386,8.972627565346386,1.259647305140463
155.0369310169649,159.3807824007725,25.13987469767728,8.284375328727839,1.784164794571991
154.05889312508563,191.23749142972247,19.839584142549057,7.9971690199661545,1.7535660272236453
112.60635103010314,237.55390445272363,19.363132073269,8.626542729781718,1.2169339061972548
117.15087703040707,178.40513105265154,23.142430114668652,8.551492984293107,1.3877894451586896
179.364209872203,228.77928506388727,25.775954741614164,8.990692390216731,1.632652448586349
140.95169723748288,188.27831627802556,19.97805258645416,8.069099641380252,1.645431731079562
157.7566131741459,247.99785398901582,19.997363031470613,8.51480814634611,1.5434544945169593
168.30647630630784,238.35298364237076,19.11599078369752,8.241768062279329,1.6870324772843321
154.5107803475207,180.13203576626154,24.88450844218906,8.524272602064697,1.675952378208381
82.22152139442811,227.01931135378553,19.81118032329067,8.830816549153761,0.9491402703869966
127.46048804850867,183.68565438332686,22.025428213799103,8.391201759732814,1.4876772522992538
72.22729887774538,210.6362840215535,25.926979824017636,9.630943210823135,0.8066573314344158
138.35065518767982,215.8480768393292,18.09712720737635,8.074725124346473,1.557214765483356
174.6419313825373,232.9595409085705,22.451888724086352,8.63276775645065,1.6620299072328244
121.52784771601335,152.4450840882015,22.098312341639566,8.055295289770669,1.579011508225979
111.95669914413206,172.01578911522998,24.45957901128124,8.680060589762174,1.3380209971502246
64.30113017017958,221.19178105885788,20.842252316422215,9.08396677954652,0.7631656946766731
175.17294267950643,206.35232369695373,21.28273087119233,8.22141103894381,1.8133252473278496
72.36032209561905,199.5605078201143,19.34350384479091,8.587488645280908,0.9240020697301842
64.92949119658164,155.52099567079804,23.926521853086292,8.79251415430995,0.8986396066824615
89.52799338059262,184.82758834614563,24.277671273505185,8.990251622167404,1.0708654319339068
67.86365207020589,236.51002319106485,19.09330656623064,8.906292793543154,0.7926633376269626
114.61414108941148,153.08928370360323,21.147656591906575,7.990761842249669,1.5266014394423661
121.93053615085348,189.64362353648121,25.143239962901465,8.899583066984459,1.346875281003653
97.50839388343007,244.51482876707726,18.021658189406295,8.570175313053054,1.0866671034254838
66.11525790898632,155.08807345450145,20.390072564981057,8.297970414694927,0.9669986993215504
73.39204418990721,224.97057510446368,22.44033828042038,9.278691702141787,0.8273976121682185
106.14052535879136,175.76126161820363,20.672750877279626,8.270227450921839,1.3427033902812693
67.26341409918433,236.66088321536725,20.176361513421355,9.08603206391602,0.7710930617443047
143.7827670731896,224.6067978959365,21.6802998792257,8.646971866736783,1.4742404605537862
84.84246498297743,238.5705170858363,19.45218486487755,8.849010577426984,0.9528097048048532
96.24858825403662,171.5924790431266,22.23700192767587,8.510926963446192,1.2228665754373722
107.2950932613717,203.1292754818605,23.653567370505808,8.966226791056439,1.1926206607375378
109.99315596829774,227.92699435748008,22.602359621028018,9.04129062203789,1.158062316813492
60.19928492097606,174.56997429949809,18.744874646868247,8.336939360291996,0.8583006689411261
73.4484445198437,173.0746305267217,24.755268913324585,9.049875039504993,0.9314569327478558
163.53174764890537,152.7182133497585,19.399822699899907,7.429135593509238,2.078880841208049
60.14796750142898,245.85152939754522,24.11849600488903,9.81018316684967,0.640240572137985
120.98008269754501,221.00168800546234,20.884520886206804,8.655310785071842,1.3110549012391801
118.74024078086497,213.55603540101848,24.26209078444882,9.06563051977463,1.2492289385623208
99.97129932127653,224.39947226949909,19.650183227242767,8.650411981798209,1.132810809906263
111.75924241757396,203.16129186954393,19.493296829563437,8.347824279576948,1.3198049583489218
153.6697365031901,197.61338210904103,21.976206769739857,8.359197376896793,1.6590899202706813
160.94444474579478,194.95322411235207,18.263488117586885,7.764916974522936,1.8481293854409735
91.24182520983001,214.04392121036412,19.802378710258665,8.646630058256713,1.0747104987274254
98.69885291612758,170.15349753923832,23.792098017474785,8.677050093553698,1.225148789389351
89.09794236339992,238.80586950148697,24.699067826443404,9.587799518445806,0.913679202127351
117.58360806612782,231.1752371219265,18.64628291150248,8.427791301294752,1.2985396681446746
141.99100291905756,184.95636114520337,25.056621675504836,8.688834389741013,1.543526240549173
87.39034505561047,207.86092968125243,24.38013763242543,9.269554607361986,0.9796708880782476
99.688289046584,164.10272999500145,24.957474365655724,8.737026823274261,1.2388930473924764
171.64615411069806,247.2346247933598,23.58742843663072,8.927028162088298,1.559200715837487
65.82831478163497,240.28926876302836,23.393224538351717,9.611524150095173,0.7115955110598168
115.29235262874795,242.18975064992006,22.20074586675891,9.069190246252194,1.1697094482629715
145.38696499161333,183.21630477034518,23.22229779593052,8.417514671921143,1.6229834758363244
78.05448138689688,166.91347073828558,25.35287731653284,9.006285216654796,0.993267489577816
65.68488240065783,171.17721634663104,18.804176011333666,8.261949913743889,0.9362197107788044
76.58464459662369,159.00013910450897,20.52611582276873,8.278820071476746,1.0806753858040294
170.25878322368195,162.01106301013843,18.579639788766976,7.3938550489639185,2.1115642902170566
61.11117381853481,157.13045341848454,25.558441375552306,9.056429102327467,0.8279250767608507
82.59863697736222,248.98230692048736,21.562123727995104,9.274951575915342,0.8750000598370419
63.75402154819734,157.40576833690736,23.40275576540951,8.760784611483665,0.8853525572308093
73.27553610746439,163.25420809514137,24.728960516034572,8.922828802321161,0.9606542290245313
134.41791439539554,232.72545955907364,25.92800198461191,9.349079695799057,1.2857601516267774
88.9966690486903,208.02402167429432,19.294259662338128,8.530073128150468,1.079452912511689
128.3054460516812,227.44172045693324,24.396100845745828,9.146721776302396,1.2815074574748042
130.82344593193514,213.0912007772655,25.09938318509389,9.080234928856514,1.337332736878471
161.93223997077348,238.21750703289482,18.391003014807005,8.166947270944789,1.6597351235383937
60.56896714942487,213.84675277647406,24.032724481484586,9.512590747238683,0.7024969645752831
162.40433512108402,202.2125092903151,20.837802569572403,8.197086524122005,1.7425820246906747
134.29429037123688,221.27496937612997,23.188774331763454,8.886578175068568,1.374809063382641
79.52921833259491,194.73927517921095,22.11238556831092,8.889489823412868,0.9707260980703517
152.75248657623408,184.60638229047348,20.077938016693096,7.9678674876076805,1.7676766092953045
162.6589850148703,196.76524524502125,19.081770896031887,7.892917892243503,1.8258649884198859
90.51161805049888,166.97141050985607,18.935577864713665,8.035122225929012,1.2472206207537455
170.2552417083217,229.65717298026914,18.826582861667934,8.114119977963067,1.74702650595714
114.53489163583893,176.07037813359446,23.102320321076622,8.538053077186579,1.3731615892883486
132.4109345199986,165.35315463370475,20.811286811196304,7.978106818355131,1.654354544744195
178.15794403411724,174.6352241783227,19.73306750564698,7.655216093439877,2.058606390795
103.38432943670392,234.20701517722398,23.535080741647224,9.276197241994472,1.0669465441427166
157.57912149841354,183.02012955977312,23.494796526131736,8.368150399537203,1.7216393117501414
98.20789413941516,218.60498695059002,22.313346338855983,9.004263351729328,1.0837461362247063
155.9056226689789,235.6409630655739,25.479662534926806,9.170587357636457,1.4460576711280182
132.0880702635171,157.7744666925042,21.083313851531372,7.920483964203291,1.684448103823657
85.96268342704818,226.5024405178043,24.686903770154345,9.501989793608782,0.9144734020122093
109.68313125470837,180.766546637903,18.601115263457572,7.999758671535618,1.409564268935679
98.1162761236274,171.66223641840426,23.918648752308037,8.716669625693998,1.2110283845618057
69.37300716964367,218.89014524529722,25.90757931065544,9.735091705620832,0.7611766070105612
63.5801724119637,240.97966227332338,24.772785730302534,9.831769118853815,0.6749701720610318
101.57743864886172,179.50192087123955,22.637317754480474,8.6164144463041,1.239931139531052
62.28409773809839,206.8833805384319,23.014128514617283,9.287350379685172,0.7458126372076509
79.858530909813,178.98341138494916,20.826316395495574,8.533243078225553,1.043679863366697
147.02199850210425,205.4285585726428,23.43588174606483,8.67599483657517,1.534237034993048
144.97094828203055,212.18620306543406,24.163163065450618,8.852355657161546,1.4746635268358774
148.6296463748859,211.03353887901798,25.985827848942833,9.043120298230223,1.4706062932689952
98.05838053559745,212.3546369642746,21.939703336003465,8.893613109713609,1.1071982155821365
166.80233485412344,163.5079792217524,18.49043252618754,7.419584492173255,2.0729777098298197
131.25966576341372,219.35404695867194,22.76686360584788,8.832584232911405,1.3650919752459105
75.12316100959518,217.47503563802232,18.952193199857348,8.668315053151476,0.914203696048612
77.2462393746641,218.25881222168832,19.95812034844888,8.81670659490339,0.9179398571495575
143.1714512315642,157.40705527387064,20.6302392904459,7.781627539712973,1.809807440123726
80.75327237304937,194.68388424141526,23.848238985187287,9.116785119133366,0.9580679316887759
120.8751241898452,190.90351320457296,19.470464991028003,8.158106464817408,1.4573292206758355
179.0129371114453,158.67114836431992,19.32602357473882,7.40419069371164,2.184979432890597
60.48091256800074,172.23679278968106,18.35971393999062,8.24841885996244,0.8748167840564631
61.989576227706834,194.09626317980369,24.985919490831048,9.427310275822968,0.7492776889377102
179.17014983166078,224.29063098580824,23.548043394848484,8.669915473337804,1.702105987176941
130.15666009609987,173.70620769846633,18.319571724941014,7.740708009584639,1.662599866507945
75.22919706222157,232.97499101249116,18.226338445104915,8.677913812714324,0.8904475092775752
167.67626397049125,204.57982857394634,22.469394371800448,8.407352840441726,1.7286261455309477
165.64563601532308,226.04216851846175,20.26027521029369,8.3210620364797,1.6815427144435606
124.34404957336503,197.25559833368573,22.77381080345543,8.661408480081878,1.3862931732648363
134.6150435832908,199.91942254222235,21.47683340544772,8.44192053669982,1.497136596933609
92.78246298010517,211.971938937964,25.386500498482036,9.398699681966312,1.0050087654155748
66.06236356464062,242.79706081658242,20.302472119690943,9.164210539864321,0.7453650489522539
131.34811306690372,199.18125814129098,23.43316294751115,8.71868098624506,1.4267740953775279
95.37062318433156,202.8657538108291,18.432434492948794,8.299712126313873,1.180086443979515
139.63452559924224,210.19969635275294,25.646884273511404,9.056043378931573,1.4091489643052526
160.34942122111215,223.75151372977257,25.846059743266817,9.074136589957574,1.5140759609411594
62.179265269723686,157.18503354862344,23.9125970321313,8.838693706518447,0.8602898887864057
131.48565296228728,201.5687438521972,21.721699772508586,8.51383144339811,1.4567860004187088
87.75366476242228,198.15915892060434,19.75994751461809,8.516037377537412,1.0876988335807514
164.86661974845617,242.16849842375703,24.500130721983716,9.04545646967316,1.5084608097599117
90.43974078741942,199.3506580436341,23.89083277717618,9.091638484688195,1.040650945201142
133.29241598825018,196.8320534694331,19.77563231648759,8.179350162779654,1.5420119482326569
126.42490081075337,246.2199988534702,21.609722353258125,8.939449867344315,1.2619421701711093
107.53998000710988,195.05764636008814,21.70239150253428,8.61547732761608,1.2598128398795858
141.3144916319753,168.08844303220903,24.611284399781674,8.432450064874368,1.6278047495604102
147.09235616585207,171.69161228057882,23.470757474672613,8.299147834591013,1.6886891799528427
128.03253543832642,159.51875383369742,23.145340348320442,8.2356723963994,1.5815695651244452
151.01066846217049,150.05681292589443,23.198619380506226,7.9535946037901,1.8544881060726857
178.0100491191525,193.1945661000482,20.16376063505983,7.917994580419528,1.937287959455631
110.31268654809662,226.92425812982214,20.973690078636274,8.796631810215597,1.1947016801419648
121.74996622626371,223.3466442799836,18.36529828349365,8.28961914234585,1.3702526819402854
61.49638535294559,153.21490878028501,24.29552908649699,8.839729526405279,0.859317955011893
155.5234267572454,206.99829035940328,21.46398572135851,8.373935881385579,1.6466077645829083
122.42760804551926,165.4283125413476,21.505906856700587,8.141301208322911,1.5362418491761987
108.95537164326782,244.10762847646973,19.962850119469014,8.797528583699048,1.1527012168378192
71.2886355707275,166.73649996441793,19.67541825167543,8.294998988860181,1.0043802077683972
166.75877060104767,212.66392176974816,22.702575436552234,8.524761534076264,1.6795344283852292
107.40086880486678,182.62383621640566,19.860424121629407,8.222207500128768,1.346434855687085
141.90979178510645,214.1561325964352,18.513670812523713,8.101577724259032,1.583405530390277
77.9248987641781,191.2258596464075,24.140059327847187,9.142167461199273,0.9346654654730704
175.3859555449239,225.96430523063947,21.01175547525093,8.368421734255385,1.7355328110513744
81.4130114186197,173.06791253278578,21.041884671194435,8.483335017486743,1.0772903994082152
83.94503914793884,240.579185291426,21.45054625212633,9.180581906538315,0.9077065331837588
163.07794326692564,200.02096493133521,24.520358587264752,8.64963135674412,1.6610801436404665
169.50992929703173,225.60931477128528,20.56669516751854,8.337732837223943,1.7047102496221411
85.45768890279616,234.97301914012272,24.064289690062687,9.497042553772523,0.898133060722592
116.37610658097935,249.88286109548048,25.516358726236348,9.57998453295828,1.1023070805834547
148.0193885475396,172.39456655939583,23.286945567398394,8.278751832157347,1.6979843919059874
165.4038880572962,178.6892413563455,21.453448649416195,8.007568435890638,1.867838352162206
105.48632340447662,175.04330867318882,23.98231778517332,8.70783065755825,1.2710595079075386
122.0423384219315,176.28713321597826,21.663178958011084,8.296189788939797,1.4774608840097476
149.00596926236818,208.24447415393774,21.315418168865126,8.407681424830619,1.590931610940552
147.73631719833546,249.3522523145843,22.202265308581467,8.90753889771631,1.407899854846901
153.9552156031302,249.02780870927543,20.54177867847435,8.626954390424029,1.4961973728160807
128.39205823698316,202.67732313623077,18.83400173024001,8.130280440808901,1.4977718767777295
72.55381161657303,213.9027210264674,21.31881604420932,9.02114453594282,0.8594042051531948
168.4767949053648,235.99705437016058,18.990855049034415,8.202453438810407,1.7016586325297616
163.8687047185234,243.29334584535053,21.283531788443575,8.626164514817946,1.5729996204132828
155.77169229819995,170.3860627329544,22.4554697697076,8.098499728130486,1.7998183990584586
71.98349725928753,202.8541728942453,25.445689449645172,9.490537872624042,0.8276805532754532
84.52768404977151,233.28370546615122,18.28977864836243,8.620859246368536,0.9835952989318066
149.23204381291822,180.32020766345917,22.971667252015553,8.326142633369564,1.676795830020974
62.77681134983357,193.98090424804667,21.661881493200617,8.95976197273176,0.7968085546819061
177.50695604487356,248.5621101512008,18.162089025633115,8.123931620260008,1.7483962188956865
105.25736164268169,248.5046696720871,19.996385407509763,8.863301278166539,1.1072506984216948
146.31750404289883,240.61068107651818,18.947882018838413,8.366612610824163,1.507254267108487
166.5085306185652,229.84483448280577,19.73435316585156,8.272773612150539,1.688291380991742
107.35558657800988,176.91305007228058,20.196561947687346,8.207239149269896,1.3615739233480209
98.29589863195993,182.08500740671874,21.21045068305757,8.476457717045166,1.2246087402514105
133.04893546778962,204.72828412048747,22.232315147911123,8.604721463839615,1.446265309598393
129.7187248497661,206.07773745620122,18.00791995141109,8.026984058581435,1.5200237387897362
109.09679731497566,200.5502819357067,19.294954885029927,8.311480559788105,1.3079116723652082
132.212970704125,213.66702799163062,18.748531084870407,8.195052023775663,1.4915047759556117
172.24576434797936,190.83230226329889,22.39738719410195,8.22410746379235,1.8331972104087948
116.11683079519158,224.9174157315533,20.632598963210157,8.68754077231193,1.2602103465466215
83.60906169007576,183.35499264783553,22.387181888277745,8.770478903537553,1.044117757666948
105.26471794596047,183.06769969463525,19.774586417397423,8.230142997035937,1.3245406030583917
107.29283791117423,162.7225961891828,18.19383483270068,7.750913538595167,1.4767714610796838
75.73304316314638,168.87122100289193,25.530935210161974,9.074371325212477,0.9592338560993631
79.54458006654659,235.05208789213577,18.866464969511952,8.766891202792273,0.918785745867496
142.14744880724126,194.62823385804415,19.014869983693735,7.988453159184995,1.6553937498251248
100.73733050506833,172.78677865528337,19.172374612081125,8.06077359283396,1.3327060839759524
174.58780702269692,225.93411000223875,25.85021219194618,9.002777692075554,1.6085732512388513
89.2316094430329,205.39811258168595,22.94128192135997,9.03490282095741,1.025770885970078
71.87094061257868,152.11560114232935,22.882319613630806,8.547945784904957,1.009111677992535
150.42054756003094,181.63614573367153,25.893585612148236,8.690218093295055,1.6117070496538124
165.7243262301444,167.7001411121341,18.707510154197237,7.506079408123972,2.0279788934123726
93.37360282457854,215.58728609828407,25.79600714033831,9.482802205110408,0.9949901494059276
84.25057219745736,177.5031040630253,19.632105172432325,8.307446000264411,1.1205774646825246
82.29193618453046,156.49467792099438,22.984572028496284,8.531052668299473,1.1140006833636535
122.64147616398148,155.49349891976692,21.360668522422333,7.992981474948551,1.5930477868993353
116.20999694961252,208.1727297958715,21.071614507817426,8.59560767315904,1.3081761454544252
91.1327807825441,152.17234557040896,25.4499466278357,8.703427716174877,1.1891879205708353
65.42077403873117,234.87921131360886,19.19382182752205,8.92930501368988,0.7690829099429142
117.77896083915368,165.53971192572757,25.97655208860995,8.734851069488466,1.3934431455009135
175.119881716273,210.656633519543,21.033000488732387,8.230000262974391,1.8003074315233791
138.30230409031958,194.46880280107456,23.190199231108437,8.587915384698904,1.5118102001098923
119.46078679543422,194.28515212319024,25.743253851866882,9.044848995513998,1.2964491887778498
73.28304888355393,157.1797142360046,18.4608084030318,7.981351137317445,1.0866767996085247
90.29235486595047,230.27522502122156,25.382914903401524,9.593911127912582,0.9354656680642718
95.37287394894513,239.30524847532527,22.542491082834747,9.241608270495963,0.9987601685196188
151.77642631286813,151.10166673842284,23.635175031819617,8.015319321511631,1.84308623265345
165.20529567175433,167.86041756971179,19.193473471090787,7.578750835262531,2.004102094776593
168.19702242797263,240.3904188795479,22.26709944664826,8.712117030453355,1.5908924293809583
178.1482329900905,204.9493612800058,23.38810971780195,8.464526517844712,1.7835685233125236
177.8840019725439,165.00395782482101,21.649978459101455,7.791996614588535,2.049101529542951
174.35989593215777,170.2790452609159,19.239881424848456,7.559539525384507,2.0703017650659836
68.61865686034612,215.99862442371142,19.95295260068461,8.865289275614359,0.8326154719793691
76.53522431133662,222.48168222468732,24.835142327947988,9.563823862773122,0.8339358801531884
96.53598317712395,209.94268085799354,18.275767942662103,8.331884815673707,1.1725298656190586
126.34779048773538,245.31483799125257,23.6708966275265,9.222004022267047,1.22435357120276
71.63734664465751,199.4063603661777,25.995120292116216,9.528209082835897,0.8262885902902104
161.4956349362571,180.02719121425267,18.05986396885413,7.576701797188861,1.9403848210597967
134.01074148927708,197.72329099757965,19.28836546255952,8.1124360422716,1.55836601845222
125.0837282762646,185.9666293666611,23.393154407145076,8.613315077793473,1.425217728513799
79.83735880407494,172.44158926746863,18.479926676682787,8.111793187708118,1.1109208062752849
90.39065692802369,154.596324934014,22.71831987084687,8.403583103999939,1.2186250680579367
79.23744299787097,185.22124935651243,23.472000828488447,8.975050665198424,0.9751569457454747
162.23197893537582,221.14093477097424,22.70517078491256,8.635384744608233,1.609202534066129
130.1073432073462,151.8437802875194,20.92147762416854,7.834409764824728,1.7024294703193625
148.215531302356,193.91785132059346,23.578258367893113,8.563998139229577,1.5897803365130718
95.52394354920308,214.40094014498683,22.754355424110564,9.047242395254731,1.0633288489814414
104.55031645059326,211.04041091743073,19.661097376751357,8.4992371895945,1.218435677960108
108.58259573118406,227.66484358887158,22.505084348680878,9.03572841553088,1.1481617468447731
151.20179660928417,231.05197156597976,25.05525773711142,9.106150040953898,1.4355868528638849
152.68235852094816,221.1705820919388,23.3346662855236,8.780735932635917,1.519815628876065
84.81762330168381,160.27976961447493,21.774332059150776,8.399554789247711,1.1497350519212448
172.98466280857187,197.50224440043607,20.57267282295561,8.04844306177707,1.860546313537467
74.47864049324237,210.34059574876085,18.687089675500584,8.567630776177843,0.9299978287794103
167.53464989083565,174.55660388094515,19.95701706207223,7.747540793458255,1.9581067397335061
72.04747747797711,154.25518176467764,18.089494024695014,7.898489582163308,1.0896309202112042
91.74477733815733,172.3590320876047,25.893007340199716,9.024199414972356,1.111103515808569
161.57742432815485,195.4894401732639,19.77985801702992,7.9863707327066775,1.8000533372246073
81.53904868153049,191.39303190546008,24.51900754148298,9.162946511128798,0.9661234858971404
109.62815175719638,167.66669813271616,19.34915905443983,7.962306106261023,1.447539375496846
113.98311599329514,232.44155426834928,20.268809196844593,8.713356316897988,1.2252269949814605
89.43107676278515,242.56866687367247,21.346218553826933,9.138651625286258,0.9556249393716634
145.2294241603184,170.1348319052715,20.595245313132843,7.9216579919434436,1.7586668901534104
162.16015792826445,242.95729155672217,24.38680650207889,9.055114019016818,1.488700391249503
164.94901678266862,151.78609591751808,25.661547264123385,8.170482454205624,1.9031302146823794
100.71865748838731,242.49624727069454,25.002355869206788,9.568256304773472,1.0009903762001677
123.70204731453774,245.19287900809078,19.228622935582052,8.591462177534009,1.2944228202556132
89.80876846387818,151.20518630159253,24.213509410794323,8.550396921189844,1.1994586166162822
89.37558018601746,226.30192967767482,19.183575306437692,8.671855520151196,1.0333999285487114
79.3504875422309,247.02015725698433,25.307048852496813,9.82038546529247,0.802711386094387
172.80228129690175,240.59022188177784,22.143028605348626,8.668678109273682,1.627070093400934
166.5586594326696,247.0710161196213,20.691048704453653,8.555985818440886,1.5950741878715295
153.28304559932306,205.03235056976393,19.256203978673543,8.056708987721516,1.6999048345753724
122.11938255452748,157.81561398853881,18.094472705432036,7.5742834989186045,1.6695940500733855
118.87294986142463,234.97891978050362,19.983575933287078,8.657692422277506,1.2668638492885071
123.56947994189976,211.38282558090117,25.312160506250496,9.142967051621612,1.2789328660405
124.38816162925072,211.4736744188289,24.37809753817782,9.018358958060084,1.3025382145912476
112.14757016372285,191.72536098586863,25.758349662005756,9.074218621471298,1.2400527354004665
75.8105799470481,207.18419765211092,18.806092168970984,8.547429468947637,0.9507922233340679
75.07966234422432,165.35797790861145,22.737429948045357,8.675512508752696,1.0031438174608607
174.269965901482,223.97700265661504,20.057203792246213,8.22220953436068,1.7638939127740498
117.84369115036206,157.50173073515424,22.34353364617926,8.18165597720041,1.5087072893007003
174.38466298862267,222.9780767043792,20.563639084507642,8.284579404643337,1.7537386862683082
79.6292253252132,234.8978422624854,20.26772440194686,8.987579758626627,0.8972193012016936
126.52998624479203,197.2468677564488,22.59076241619678,8.62130098958234,1.4099513036417242
84.9260704021847,200.98303660570494,19.466545294956322,8.520921524225965,1.0546261103220897
90.38215273519218,181.22142729220784,21.753067495776936,8.604165400798871,1.1342260191893359
63.60654945134145,246.94585837255875,23.20649812035228,9.657669124808537,0.6804533825711047
74.27439728882536,223.31244745595453,19.025456585462432,8.736876898291094,0.8897815369332801
170.0218089155035,186.8988553300345,25.444754167015233,8.568441923502908,1.7550562967423746
98.5839589778798,167.4807386233005,22.045797595632997,8.41668547399377,1.2679264246430872
132.975505429751,171.95795922020915,24.556223775074738,8.534370022943328,1.5344951704235386
115.80169583871276,196.392228611005,23.231243444968506,8.77527595371198,1.3024093007856319
108.0541494294334,244.2568400314338,23.680007529780365,9.34733021870164,1.0778980688790865
123.82633096152817,223.4146345760918,23.729047527942704,9.053030302110805,1.2699407954309434
82.46867335384098,171.52437481791497,25.000799176491782,8.982515381493652,1.030539873424662
178.63246782234918,235.95611334188982,22.908843480375392,8.696279741027862,1.6674844840360656
158.19694424446357,187.82005230096811,20.22573721377112,7.989068289985616,1.7950449160390778
148.99375592778185,235.17221827525188,18.796077142923657,8.282415072616445,1.5535414002836099
116.25111564167429,174.1699597981131,22.850004955601133,8.469714832343632,1.4034009655848652
78.34525465516032,211.86606119363177,18.530822430164648,8.526064508628346,0.9706195830112236
170.47990299282813,242.6670488081282,19.93034761351624,8.385753055961715,1.6624797491378824
100.96644808580731,175.7894009147794,18.485657476815295,7.990379317133239,1.3396932939330521
66.01280276363205,219.29265905858549,22.391100712052538,9.28285845411532,0.7657925629809267
101.08844121727545,248.7312619957144,19.282704999542943,8.782373515883048,1.083139952741723
155.33484365950613,165.05982872430036,22.883258555467787,8.088019064642836,1.8136835777192053
134.72504939858499,158.84022907006744,24.32692104690614,8.322857502769928,1.621576434576107
150.10063016938315,217.41951924448162,24.5750457661749,8.922105575245814,1.4866290435774911
155.23624606348528,183.97359477490303,20.47634806510102,8.000188331698622,1.7808631169523739
85.4345533296651,157.1244477366591,22.391636261555966,8.435586873342814,1.157954983549898
170.85399793118162,197.53056178836042,22.504086080690872,8.318710152779202,1.7859289623459345
112.5587523504447,225.37706796439556,21.783097457233332,8.883859487838862,1.2036439758524635
136.68163791169974,178.51224004151888,23.240911131398118,8.42471084219746,1.5672424558758093
60.27705271040904,183.50468775051348,19.680696990588267,8.57729005674758,0.8208959930307822
179.20421980934137,234.56994006469722,25.833945916694354,9.053367529056736,1.6079686099848298
93.70756631569861,202.00719122614882,18.78463861672746,8.358976844633233,1.1578021926997006
